<?xml version="1.0"?>
<!DOCTYPE pathway SYSTEM "http://www.kegg.jp/kegg/xml/KGML_v0.7.2_.dtd">
<!-- Creation date: Sep 12, 2019 11:45:10 +0900 (GMT+9) -->
<pathway name="path:mmu00561" org="mmu" number="00561"
         title="Glycerolipid metabolism"
         image="http://www.kegg.jp/kegg/pathway/mmu/mmu00561.png"
         link="http://www.kegg.jp/kegg-bin/show_pathway?mmu00561">
    <entry id="35" name="ko:K00679" type="ortholog" reaction="rn:R05333"
        link="http://www.kegg.jp/dbget-bin/www_bget?K00679">
        <graphics name="K00679" fgcolor="#000000" bgcolor="#FFFFFF"
             type="rectangle" x="636" y="564" width="46" height="17"/>
    </entry>
    <entry id="36" name="ko:K06118" type="ortholog" reaction="rn:R05775"
        link="http://www.kegg.jp/dbget-bin/www_bget?K06118">
        <graphics name="K06118" fgcolor="#000000" bgcolor="#FFFFFF"
             type="rectangle" x="597" y="719" width="46" height="17"/>
    </entry>
    <entry id="37" name="ko:K06119" type="ortholog" reaction="rn:R06867"
        link="http://www.kegg.jp/dbget-bin/www_bget?K06119">
        <graphics name="K06119" fgcolor="#000000" bgcolor="#FFFFFF"
             type="rectangle" x="636" y="648" width="46" height="17"/>
    </entry>
    <entry id="38" name="ko:K09480" type="ortholog" reaction="rn:R04469"
        link="http://www.kegg.jp/dbget-bin/www_bget?K09480">
        <graphics name="K09480" fgcolor="#000000" bgcolor="#FFFFFF"
             type="rectangle" x="404" y="840" width="46" height="17"/>
    </entry>
    <entry id="40" name="path:mmu00564" type="map"
        link="http://www.kegg.jp/dbget-bin/www_bget?mmu00564">
        <graphics name="Glycerophospholipid metabolism" fgcolor="#000000" bgcolor="#FFFFFF"
             type="roundrectangle" x="94" y="461" width="117" height="34"/>
    </entry>
    <entry id="41" name="mmu:116939 mmu:12613 mmu:15450 mmu:16891 mmu:18946 mmu:18947 mmu:66853 mmu:67717 mmu:69060" type="gene" reaction="rn:R02250"
        link="http://www.kegg.jp/dbget-bin/www_bget?mmu:116939+mmu:12613+mmu:15450+mmu:16891+mmu:18946+mmu:18947+mmu:66853+mmu:67717+mmu:69060">
        <graphics name="Pnpla3, Adpn..." fgcolor="#000000" bgcolor="#BFFFBF"
             type="rectangle" x="636" y="522" width="46" height="17"/>
    </entry>
    <entry id="42" name="mmu:13350 mmu:67800" type="gene" reaction="rn:R02251"
        link="http://www.kegg.jp/dbget-bin/www_bget?mmu:13350+mmu:67800">
        <graphics name="Dgat1, ARAT, C75990, D15Ertd23e, Dgat..." fgcolor="#000000" bgcolor="#BFFFBF"
             type="rectangle" x="636" y="584" width="46" height="17"/>
    </entry>
    <entry id="43" name="ko:K03715" type="ortholog" reaction="rn:R02691"
        link="http://www.kegg.jp/dbget-bin/www_bget?K03715">
        <graphics name="K03715" fgcolor="#000000" bgcolor="#FFFFFF"
             type="rectangle" x="515" y="829" width="46" height="17"/>
    </entry>
    <entry id="44" name="ko:K19002" type="ortholog" reaction="rn:R10850"
        link="http://www.kegg.jp/dbget-bin/www_bget?K19002">
        <graphics name="K19002" fgcolor="#000000" bgcolor="#FFFFFF"
             type="rectangle" x="515" y="668" width="46" height="17"/>
    </entry>
    <entry id="45" name="mmu:14245 mmu:19012 mmu:381925 mmu:50784 mmu:64898 mmu:64899 mmu:67916 mmu:71910" type="gene" reaction="rn:R02239"
        link="http://www.kegg.jp/dbget-bin/www_bget?mmu:14245+mmu:19012+mmu:381925+mmu:50784+mmu:64898+mmu:64899+mmu:67916+mmu:71910">
        <graphics name="Lpin1, Lipin1, fld..." fgcolor="#000000" bgcolor="#BFFFBF"
             type="rectangle" x="448" y="564" width="46" height="17"/>
    </entry>
    <entry id="46" name="mmu:233549 mmu:68393" type="gene" reaction="rn:R03755 rn:R03756"
        link="http://www.kegg.jp/dbget-bin/www_bget?mmu:233549+mmu:68393">
        <graphics name="Mogat2, DGAT2L5, MGAT2, Mgat1l..." fgcolor="#000000" bgcolor="#BFFFBF"
             type="rectangle" x="489" y="523" width="46" height="17"/>
    </entry>
    <entry id="47" name="mmu:116939 mmu:12613 mmu:15450 mmu:16891 mmu:18946 mmu:18947 mmu:66853 mmu:67717 mmu:69060" type="gene" reaction="rn:R02687"
        link="http://www.kegg.jp/dbget-bin/www_bget?mmu:116939+mmu:12613+mmu:15450+mmu:16891+mmu:18946+mmu:18947+mmu:66853+mmu:67717+mmu:69060">
        <graphics name="Pnpla3, Adpn..." fgcolor="#000000" bgcolor="#BFFFBF"
             type="rectangle" x="557" y="512" width="46" height="17"/>
    </entry>
    <entry id="48" name="mmu:218121 mmu:225010 mmu:28169 mmu:52123 mmu:55979 mmu:67216 mmu:67512 mmu:68262" type="gene" reaction="rn:R02241"
        link="http://www.kegg.jp/dbget-bin/www_bget?mmu:218121+mmu:225010+mmu:28169+mmu:52123+mmu:55979+mmu:67216+mmu:67512+mmu:68262">
        <graphics name="Mboat1, 9130215M02Rik, BC023845, LPEAT1, Moact1, Oact1..." fgcolor="#000000" bgcolor="#BFFFBF"
             type="rectangle" x="382" y="528" width="46" height="17"/>
    </entry>
    <entry id="49" name="path:mmu00010" type="map"
        link="http://www.kegg.jp/dbget-bin/www_bget?mmu00010">
        <graphics name="Glycolysis / Gluconeogenesis" fgcolor="#000000" bgcolor="#FFFFFF"
             type="roundrectangle" x="93" y="169" width="70" height="25"/>
    </entry>
    <entry id="50" name="mmu:69923" type="gene" reaction="rn:R02757"
        link="http://www.kegg.jp/dbget-bin/www_bget?mmu:69923">
        <graphics name="Agk, 2610037M15Rik, 6720408I04Rik, AI465370, Mulk" fgcolor="#000000" bgcolor="#BFFFBF"
             type="rectangle" x="446" y="487" width="46" height="17"/>
    </entry>
    <entry id="51" name="mmu:23945" type="gene" reaction="rn:R01351"
        link="http://www.kegg.jp/dbget-bin/www_bget?mmu:23945">
        <graphics name="Mgll, AA589436, Magl, Mgl" fgcolor="#000000" bgcolor="#BFFFBF"
             type="rectangle" x="491" y="423" width="46" height="17"/>
    </entry>
    <entry id="52" name="mmu:102247 mmu:14732 mmu:215456 mmu:231510" type="gene" reaction="rn:R00851"
        link="http://www.kegg.jp/dbget-bin/www_bget?mmu:102247+mmu:14732+mmu:215456+mmu:231510">
        <graphics name="Gpat4, AU041707, AW545732, Agpat6, Tsarg7..." fgcolor="#000000" bgcolor="#BFFFBF"
             type="rectangle" x="382" y="423" width="46" height="17"/>
    </entry>
    <entry id="53" name="mmu:225913" type="gene" reaction="rn:R01011"
        link="http://www.kegg.jp/dbget-bin/www_bget?mmu:225913">
        <graphics name="Tkfc, BC021917, Dak" fgcolor="#000000" bgcolor="#BFFFBF"
             type="rectangle" x="157" y="309" width="46" height="17"/>
    </entry>
    <entry id="54" name="ko:K24189 ko:K06116 ko:K06117" type="ortholog" reaction="rn:R00841"
        link="http://www.kegg.jp/dbget-bin/www_bget?K24189+K06116+K06117">
        <graphics name="K24189..." fgcolor="#000000" bgcolor="#FFFFFF"
             type="rectangle" x="356" y="357" width="46" height="17"/>
    </entry>
    <entry id="55" name="mmu:14625 mmu:14626 mmu:14933" type="gene" reaction="rn:R00847"
        link="http://www.kegg.jp/dbget-bin/www_bget?mmu:14625+mmu:14626+mmu:14933">
        <graphics name="Gykl1, AI449806, Gk-rs1..." fgcolor="#000000" bgcolor="#BFFFBF"
             type="rectangle" x="405" y="357" width="46" height="17"/>
    </entry>
    <entry id="56" name="ko:K00005 ko:K22251" type="ortholog" reaction="rn:R01034"
        link="http://www.kegg.jp/dbget-bin/www_bget?K00005+K22251">
        <graphics name="K00005..." fgcolor="#000000" bgcolor="#FFFFFF"
             type="rectangle" x="294" y="309" width="46" height="17"/>
    </entry>
    <entry id="57" name="ko:K18097" type="ortholog" reaction="rn:R01039"
        link="http://www.kegg.jp/dbget-bin/www_bget?K18097">
        <graphics name="K18097" fgcolor="#000000" bgcolor="#FFFFFF"
             type="rectangle" x="294" y="330" width="46" height="17"/>
    </entry>
    <entry id="58" name="mmu:11677 mmu:11997 mmu:14187 mmu:67861" type="gene" reaction="rn:R01036 rn:R01041"
        link="http://www.kegg.jp/dbget-bin/www_bget?mmu:11677+mmu:11997+mmu:14187+mmu:67861">
        <graphics name="Akr1b3, ALR2, AR, Ahr-1, Ahr1, Akr1b1, Aldor1, Aldr1..." fgcolor="#000000" bgcolor="#BFFFBF"
             type="rectangle" x="484" y="279" width="46" height="17"/>
    </entry>
    <entry id="60" name="mmu:110695 mmu:11669 mmu:11671 mmu:56752 mmu:72535" type="gene" reaction="rn:R01752"
        link="http://www.kegg.jp/dbget-bin/www_bget?mmu:110695+mmu:11669+mmu:11671+mmu:56752+mmu:72535">
        <graphics name="Aldh7a1, Atq1, D18Wsu181e..." fgcolor="#000000" bgcolor="#BFFFBF"
             type="rectangle" x="380" y="209" width="46" height="17"/>
    </entry>
    <entry id="61" name="ko:K15918" type="ortholog" reaction="rn:R01514"
        link="http://www.kegg.jp/dbget-bin/www_bget?K15918">
        <graphics name="K15918" fgcolor="#000000" bgcolor="#FFFFFF"
             type="rectangle" x="294" y="168" width="46" height="17"/>
    </entry>
    <entry id="62" name="path:mmu00071" type="map"
        link="http://www.kegg.jp/dbget-bin/www_bget?mmu00071">
        <graphics name="Fatty acid degradation" fgcolor="#000000" bgcolor="#FFFFFF"
             type="roundrectangle" x="701" y="390" width="74" height="34"/>
    </entry>
    <entry id="63" name="path:mmu00561" type="map"
        link="http://www.kegg.jp/dbget-bin/www_bget?mmu00561">
        <graphics name="TITLE:Glycerolipid metabolism" fgcolor="#000000" bgcolor="#FFFFFF"
             type="roundrectangle" x="150" y="58" width="219" height="25"/>
    </entry>
    <entry id="64" name="mmu:58810" type="gene" reaction="rn:R01041"
        link="http://www.kegg.jp/dbget-bin/www_bget?mmu:58810">
        <graphics name="Akr1a1, 2610201A18Rik, Akr1a4" fgcolor="#000000" bgcolor="#BFFFBF"
             type="rectangle" x="434" y="279" width="46" height="17"/>
    </entry>
    <entry id="65" name="mmu:16956" type="gene" reaction="rn:R01350"
        link="http://www.kegg.jp/dbget-bin/www_bget?mmu:16956">
        <graphics name="Lpl" fgcolor="#000000" bgcolor="#BFFFBF"
             type="rectangle" x="636" y="543" width="46" height="17"/>
    </entry>
    <entry id="66" name="mmu:11605" type="gene" reaction="rn:R04470"
        link="http://www.kegg.jp/dbget-bin/www_bget?mmu:11605">
        <graphics name="Gla, Ags" fgcolor="#000000" bgcolor="#BFFFBF"
             type="rectangle" x="404" y="801" width="46" height="17"/>
    </entry>
    <entry id="67" name="ko:K21362" type="ortholog" reaction="rn:R04472"
        link="http://www.kegg.jp/dbget-bin/www_bget?K21362">
        <graphics name="K21362" fgcolor="#000000" bgcolor="#FFFFFF"
             type="rectangle" x="404" y="880" width="46" height="17"/>
    </entry>
    <entry id="71" name="ko:K19005" type="ortholog" reaction="rn:R10849"
        link="http://www.kegg.jp/dbget-bin/www_bget?K19005">
        <graphics name="K19005" fgcolor="#000000" bgcolor="#FFFFFF"
             type="rectangle" x="297" y="668" width="46" height="17"/>
    </entry>
    <entry id="72" name="ko:K13677" type="ortholog" reaction="rn:R05164"
        link="http://www.kegg.jp/dbget-bin/www_bget?K13677">
        <graphics name="K13677" fgcolor="#000000" bgcolor="#FFFFFF"
             type="rectangle" x="404" y="668" width="46" height="17"/>
    </entry>
    <entry id="73" name="mmu:104418 mmu:110197 mmu:110524 mmu:13139 mmu:217480 mmu:227333 mmu:320127 mmu:331374 mmu:380921 mmu:56077" type="gene" reaction="rn:R02240"
        link="http://www.kegg.jp/dbget-bin/www_bget?mmu:104418+mmu:110197+mmu:110524+mmu:13139+mmu:217480+mmu:227333+mmu:320127+mmu:331374+mmu:380921+mmu:56077">
        <graphics name="Dgkz, E130307B02Rik, F730209L11Rik, mDGK[z]..." fgcolor="#000000" bgcolor="#BFFFBF"
             type="rectangle" x="448" y="609" width="46" height="17"/>
    </entry>
    <entry id="74" name="cpd:C00422" type="compound"
        link="http://www.kegg.jp/dbget-bin/www_bget?C00422">
        <graphics name="C00422" fgcolor="#000000" bgcolor="#FFFFFF"
             type="circle" x="705" y="574" width="8" height="8"/>
    </entry>
    <entry id="75" name="cpd:C00641" type="compound"
        link="http://www.kegg.jp/dbget-bin/www_bget?C00641">
        <graphics name="C00641" fgcolor="#000000" bgcolor="#FFFFFF"
             type="circle" x="561" y="573" width="8" height="8"/>
    </entry>
    <entry id="76" name="cpd:C00111" type="compound"
        link="http://www.kegg.jp/dbget-bin/www_bget?C00111">
        <graphics name="C00111" fgcolor="#000000" bgcolor="#FFFFFF"
             type="circle" x="93" y="319" width="8" height="8"/>
    </entry>
    <entry id="77" name="cpd:C00093" type="compound"
        link="http://www.kegg.jp/dbget-bin/www_bget?C00093">
        <graphics name="C00093" fgcolor="#000000" bgcolor="#FFFFFF"
             type="circle" x="381" y="390" width="8" height="8"/>
    </entry>
    <entry id="78" name="cpd:C00197" type="compound"
        link="http://www.kegg.jp/dbget-bin/www_bget?C00197">
        <graphics name="C00197" fgcolor="#000000" bgcolor="#FFFFFF"
             type="circle" x="215" y="168" width="8" height="8"/>
    </entry>
    <entry id="79" name="cpd:C00258" type="compound"
        link="http://www.kegg.jp/dbget-bin/www_bget?C00258">
        <graphics name="C00258" fgcolor="#000000" bgcolor="#FFFFFF"
             type="circle" x="381" y="168" width="8" height="8"/>
    </entry>
    <entry id="80" name="cpd:C00577" type="compound"
        link="http://www.kegg.jp/dbget-bin/www_bget?C00577">
        <graphics name="C00577" fgcolor="#000000" bgcolor="#FFFFFF"
             type="circle" x="381" y="246" width="8" height="8"/>
    </entry>
    <entry id="81" name="cpd:C00184" type="compound"
        link="http://www.kegg.jp/dbget-bin/www_bget?C00184">
        <graphics name="C00184" fgcolor="#000000" bgcolor="#FFFFFF"
             type="circle" x="214" y="319" width="8" height="8"/>
    </entry>
    <entry id="82" name="cpd:C00116" type="compound"
        link="http://www.kegg.jp/dbget-bin/www_bget?C00116">
        <graphics name="C00116" fgcolor="#000000" bgcolor="#FFFFFF"
             type="circle" x="381" y="319" width="8" height="8"/>
    </entry>
    <entry id="83" name="cpd:C00029" type="compound"
        link="http://www.kegg.jp/dbget-bin/www_bget?C00029">
        <graphics name="C00029" fgcolor="#000000" bgcolor="#FFFFFF"
             type="circle" x="597" y="753" width="8" height="8"/>
    </entry>
    <entry id="84" name="cpd:C00040" type="compound"
        link="http://www.kegg.jp/dbget-bin/www_bget?C00040">
        <graphics name="C00040" fgcolor="#000000" bgcolor="#FFFFFF"
             type="circle" x="597" y="610" width="8" height="8"/>
    </entry>
    <entry id="85" name="cpd:C00162" type="compound"
        link="http://www.kegg.jp/dbget-bin/www_bget?C00162">
        <graphics name="C00162" fgcolor="#000000" bgcolor="#FFFFFF"
             type="circle" x="597" y="389" width="8" height="8"/>
    </entry>
    <entry id="86" name="cpd:C11521" type="compound"
        link="http://www.kegg.jp/dbget-bin/www_bget?C11521">
        <graphics name="C11521" fgcolor="#000000" bgcolor="#FFFFFF"
             type="circle" x="597" y="677" width="8" height="8"/>
    </entry>
    <entry id="87" name="cpd:C00681" type="compound"
        link="http://www.kegg.jp/dbget-bin/www_bget?C00681">
        <graphics name="C00681" fgcolor="#000000" bgcolor="#FFFFFF"
             type="circle" x="381" y="487" width="8" height="8"/>
    </entry>
    <entry id="88" name="cpd:C00416" type="compound"
        link="http://www.kegg.jp/dbget-bin/www_bget?C00416">
        <graphics name="C00416" fgcolor="#000000" bgcolor="#FFFFFF"
             type="circle" x="381" y="574" width="8" height="8"/>
    </entry>
    <entry id="89" name="cpd:C05401" type="compound"
        link="http://www.kegg.jp/dbget-bin/www_bget?C05401">
        <graphics name="C05401" fgcolor="#000000" bgcolor="#FFFFFF"
             type="circle" x="559" y="920" width="8" height="8"/>
    </entry>
    <entry id="90" name="cpd:C00040" type="compound"
        link="http://www.kegg.jp/dbget-bin/www_bget?C00040">
        <graphics name="C00040" fgcolor="#000000" bgcolor="#FFFFFF"
             type="circle" x="411" y="507" width="8" height="8"/>
    </entry>
    <entry id="91" name="cpd:C13508" type="compound"
        link="http://www.kegg.jp/dbget-bin/www_bget?C13508">
        <graphics name="C13508" fgcolor="#000000" bgcolor="#FFFFFF"
             type="circle" x="705" y="647" width="8" height="8"/>
    </entry>
    <entry id="92" name="cpd:C04872" type="compound"
        link="http://www.kegg.jp/dbget-bin/www_bget?C04872">
        <graphics name="C04872" fgcolor="#000000" bgcolor="#FFFFFF"
             type="circle" x="345" y="920" width="8" height="8"/>
    </entry>
    <entry id="93" name="cpd:C00040" type="compound"
        link="http://www.kegg.jp/dbget-bin/www_bget?C00040">
        <graphics name="C00040" fgcolor="#000000" bgcolor="#FFFFFF"
             type="circle" x="412" y="405" width="8" height="8"/>
    </entry>
    <entry id="94" name="cpd:C06037" type="compound"
        link="http://www.kegg.jp/dbget-bin/www_bget?C06037">
        <graphics name="C06037" fgcolor="#000000" bgcolor="#FFFFFF"
             type="circle" x="345" y="839" width="8" height="8"/>
    </entry>
    <entry id="95" name="cpd:C06038" type="compound"
        link="http://www.kegg.jp/dbget-bin/www_bget?C06038">
        <graphics name="C06038" fgcolor="#000000" bgcolor="#FFFFFF"
             type="circle" x="633" y="876" width="8" height="8"/>
    </entry>
    <entry id="96" name="cpd:C04315" type="compound"
        link="http://www.kegg.jp/dbget-bin/www_bget?C04315">
        <graphics name="C04315" fgcolor="#000000" bgcolor="#FFFFFF"
             type="circle" x="669" y="845" width="8" height="8"/>
    </entry>
    <entry id="97" name="cpd:C06365" type="compound"
        link="http://www.kegg.jp/dbget-bin/www_bget?C06365">
        <graphics name="C06365" fgcolor="#000000" bgcolor="#FFFFFF"
             type="circle" x="345" y="667" width="8" height="8"/>
    </entry>
    <entry id="98" name="cpd:C20897" type="compound"
        link="http://www.kegg.jp/dbget-bin/www_bget?C20897">
        <graphics name="C20897" fgcolor="#000000" bgcolor="#FFFFFF"
             type="circle" x="237" y="667" width="8" height="8"/>
    </entry>
    <entry id="99" name="cpd:C03692" type="compound"
        link="http://www.kegg.jp/dbget-bin/www_bget?C03692">
        <graphics name="C03692" fgcolor="#000000" bgcolor="#FFFFFF"
             type="circle" x="453" y="839" width="8" height="8"/>
    </entry>
    <entry id="100" name="cpd:C06364" type="compound"
        link="http://www.kegg.jp/dbget-bin/www_bget?C06364">
        <graphics name="C06364" fgcolor="#000000" bgcolor="#FFFFFF"
             type="circle" x="453" y="667" width="8" height="8"/>
    </entry>
    <entry id="101" name="cpd:C01885" type="compound"
        link="http://www.kegg.jp/dbget-bin/www_bget?C01885">
        <graphics name="C01885" fgcolor="#000000" bgcolor="#FFFFFF"
             type="circle" x="489" y="487" width="8" height="8"/>
    </entry>
    <entry id="118" name="ko:K00086" type="ortholog" reaction="rn:R03119"
        link="http://www.kegg.jp/dbget-bin/www_bget?K00086">
        <graphics name="K00086" fgcolor="#000000" bgcolor="#FFFFFF"
             type="rectangle" x="621" y="320" width="46" height="17"/>
    </entry>
    <entry id="119" name="ko:K06120 ko:K06121 ko:K06122" type="ortholog" reaction="rn:R01047"
        link="http://www.kegg.jp/dbget-bin/www_bget?K06120+K06121+K06122">
        <graphics name="K06120..." fgcolor="#000000" bgcolor="#FFFFFF"
             type="rectangle" x="518" y="320" width="46" height="17"/>
    </entry>
    <entry id="120" name="cpd:C02457" type="compound"
        link="http://www.kegg.jp/dbget-bin/www_bget?C02457">
        <graphics name="C02457" fgcolor="#000000" bgcolor="#FFFFFF"
             type="circle" x="680" y="319" width="8" height="8"/>
    </entry>
    <entry id="121" name="cpd:C00969" type="compound"
        link="http://www.kegg.jp/dbget-bin/www_bget?C00969">
        <graphics name="C00969" fgcolor="#000000" bgcolor="#FFFFFF"
             type="circle" x="574" y="319" width="8" height="8"/>
    </entry>
    <entry id="122" name="mmu:381925 mmu:71910" type="gene" reaction="rn:R02239"
        link="http://www.kegg.jp/dbget-bin/www_bget?mmu:381925+mmu:71910">
        <graphics name="Plpp4, C030048B12Rik, Gm1090, Ppapdc1a..." fgcolor="#000000" bgcolor="#BFFFBF"
             type="rectangle" x="448" y="585" width="46" height="17"/>
    </entry>
    <entry id="126" name="ko:K19005" type="ortholog" reaction="rn:R05081"
        link="http://www.kegg.jp/dbget-bin/www_bget?K19005">
        <graphics name="K19005" fgcolor="#000000" bgcolor="#FFFFFF"
             type="rectangle" x="297" y="725" width="46" height="17"/>
    </entry>
    <entry id="127" name="ko:K03429 ko:K19004" type="ortholog" reaction="rn:R04377"
        link="http://www.kegg.jp/dbget-bin/www_bget?K03429+K19004">
        <graphics name="K03429..." fgcolor="#000000" bgcolor="#FFFFFF"
             type="rectangle" x="404" y="725" width="46" height="17"/>
    </entry>
    <entry id="128" name="cpd:C06040" type="compound"
        link="http://www.kegg.jp/dbget-bin/www_bget?C06040">
        <graphics name="C06040" fgcolor="#000000" bgcolor="#FFFFFF"
             type="circle" x="345" y="724" width="8" height="8"/>
    </entry>
    <entry id="129" name="cpd:C06041" type="compound"
        link="http://www.kegg.jp/dbget-bin/www_bget?C06041">
        <graphics name="C06041" fgcolor="#000000" bgcolor="#FFFFFF"
             type="circle" x="237" y="724" width="8" height="8"/>
    </entry>
    <entry id="130" name="cpd:C04046" type="compound"
        link="http://www.kegg.jp/dbget-bin/www_bget?C04046">
        <graphics name="C04046" fgcolor="#000000" bgcolor="#FFFFFF"
             type="circle" x="453" y="724" width="8" height="8"/>
    </entry>
    <entry id="131" name="ko:K03429 ko:K19004" type="ortholog" reaction="rn:R02689"
        link="http://www.kegg.jp/dbget-bin/www_bget?K03429+K19004">
        <graphics name="K03429..." fgcolor="#000000" bgcolor="#FFFFFF"
             type="rectangle" x="515" y="714" width="46" height="17"/>
    </entry>
    <entry id="133" name="cpd:C06042" type="compound"
        link="http://www.kegg.jp/dbget-bin/www_bget?C06042">
        <graphics name="C06042" fgcolor="#000000" bgcolor="#FFFFFF"
             type="circle" x="129" y="667" width="8" height="8"/>
    </entry>
    <entry id="134" name="cpd:C20898" type="compound"
        link="http://www.kegg.jp/dbget-bin/www_bget?C20898">
        <graphics name="C20898" fgcolor="#000000" bgcolor="#FFFFFF"
             type="circle" x="129" y="724" width="8" height="8"/>
    </entry>
    <entry id="137" name="cpd:C20991" type="compound"
        link="http://www.kegg.jp/dbget-bin/www_bget?C20991">
        <graphics name="C20991" fgcolor="#000000" bgcolor="#FFFFFF"
             type="circle" x="345" y="879" width="8" height="8"/>
    </entry>
    <entry id="138" name="ko:K19003" type="ortholog" reaction="rn:R02689"
        link="http://www.kegg.jp/dbget-bin/www_bget?K19003">
        <graphics name="K19003" fgcolor="#000000" bgcolor="#FFFFFF"
             type="rectangle" x="515" y="735" width="46" height="17"/>
    </entry>
    <entry id="140" name="ko:K20024" type="ortholog" reaction="rn:R11080"
        link="http://www.kegg.jp/dbget-bin/www_bget?K20024">
        <graphics name="K20024" fgcolor="#000000" bgcolor="#FFFFFF"
             type="rectangle" x="453" y="766" width="46" height="17"/>
    </entry>
    <entry id="141" name="mmu:235582" type="gene" reaction="rn:R08572"
        link="http://www.kegg.jp/dbget-bin/www_bget?mmu:235582">
        <graphics name="Glyctk, 6230410P16Rik, C430006L12" fgcolor="#000000" bgcolor="#BFFFBF"
             type="rectangle" x="294" y="117" width="46" height="17"/>
    </entry>
    <entry id="142" name="cpd:C00631" type="compound"
        link="http://www.kegg.jp/dbget-bin/www_bget?C00631">
        <graphics name="C00631" fgcolor="#000000" bgcolor="#FFFFFF"
             type="circle" x="215" y="117" width="8" height="8"/>
    </entry>
    <entry id="144" name="ko:K05878 ko:K05879 ko:K05881" type="ortholog" reaction="rn:R01012"
        link="http://www.kegg.jp/dbget-bin/www_bget?K05878+K05879+K05881">
        <graphics name="K05878..." fgcolor="#000000" bgcolor="#FFFFFF"
             type="rectangle" x="157" y="330" width="46" height="17"/>
    </entry>
    <entry id="146" name="ko:K22920" type="ortholog" reaction="rn:R00289"
        link="http://www.kegg.jp/dbget-bin/www_bget?K22920">
        <graphics name="K22920" fgcolor="#000000" bgcolor="#FFFFFF"
             type="rectangle" x="647" y="754" width="46" height="17"/>
    </entry>
    <entry id="147" name="cpd:C00103" type="compound"
        link="http://www.kegg.jp/dbget-bin/www_bget?C00103">
        <graphics name="C00103" fgcolor="#000000" bgcolor="#FFFFFF"
             type="circle" x="684" y="753" width="8" height="8"/>
    </entry>
    <entry id="148" name="path:mmu00010" type="map"
        link="http://www.kegg.jp/dbget-bin/www_bget?mmu00010">
        <graphics name="Glycolysis / Gluconeogenesis" fgcolor="#000000" bgcolor="#FFFFFF"
             type="roundrectangle" x="778" y="752" width="98" height="34"/>
    </entry>
    <entry id="150" name="cpd:C02133" type="compound"
        link="http://www.kegg.jp/dbget-bin/www_bget?C02133">
        <graphics name="C02133" fgcolor="#000000" bgcolor="#FFFFFF"
             type="circle" x="268" y="406" width="8" height="8"/>
    </entry>
    <entry id="152" name="ko:K08591" type="ortholog" reaction="rn:R12241"
        link="http://www.kegg.jp/dbget-bin/www_bget?K08591">
        <graphics name="K08591" fgcolor="#000000" bgcolor="#FFFFFF"
             type="rectangle" x="304" y="423" width="46" height="17"/>
    </entry>
    <entry id="154" name="cpd:C00173" type="compound"
        link="http://www.kegg.jp/dbget-bin/www_bget?C00173">
        <graphics name="C00173" fgcolor="#000000" bgcolor="#FFFFFF"
             type="circle" x="163" y="406" width="8" height="8"/>
    </entry>
    <entry id="155" name="ko:K03621" type="ortholog" reaction="rn:R12240"
        link="http://www.kegg.jp/dbget-bin/www_bget?K03621">
        <graphics name="K03621" fgcolor="#000000" bgcolor="#FFFFFF"
             type="rectangle" x="214" y="407" width="46" height="17"/>
    </entry>
    <entry id="157" name="ko:K23736 ko:K23737" type="ortholog" reaction="rn:R11527"
        link="http://www.kegg.jp/dbget-bin/www_bget?K23736+K23737">
        <graphics name="K23736..." fgcolor="#000000" bgcolor="#FFFFFF"
             type="rectangle" x="446" y="461" width="46" height="17"/>
    </entry>
    <relation entry1="60" entry2="64" type="ECrel">
        <subtype name="compound" value="80"/>
    </relation>
    <relation entry1="58" entry2="60" type="ECrel">
        <subtype name="compound" value="80"/>
    </relation>
    <relation entry1="55" entry2="58" type="ECrel">
        <subtype name="compound" value="82"/>
    </relation>
    <relation entry1="55" entry2="64" type="ECrel">
        <subtype name="compound" value="82"/>
    </relation>
    <relation entry1="52" entry2="55" type="ECrel">
        <subtype name="compound" value="77"/>
    </relation>
    <relation entry1="50" entry2="52" type="ECrel">
        <subtype name="compound" value="87"/>
    </relation>
    <relation entry1="48" entry2="52" type="ECrel">
        <subtype name="compound" value="87"/>
    </relation>
    <relation entry1="48" entry2="50" type="ECrel">
        <subtype name="compound" value="87"/>
    </relation>
    <relation entry1="50" entry2="51" type="ECrel">
        <subtype name="compound" value="101"/>
    </relation>
    <relation entry1="46" entry2="51" type="ECrel">
        <subtype name="compound" value="101"/>
    </relation>
    <relation entry1="47" entry2="51" type="ECrel">
        <subtype name="compound" value="85"/>
    </relation>
    <relation entry1="47" entry2="51" type="ECrel">
        <subtype name="compound" value="101"/>
    </relation>
    <relation entry1="46" entry2="50" type="ECrel">
        <subtype name="compound" value="101"/>
    </relation>
    <relation entry1="47" entry2="50" type="ECrel">
        <subtype name="compound" value="101"/>
    </relation>
    <relation entry1="46" entry2="47" type="ECrel">
        <subtype name="compound" value="75"/>
    </relation>
    <relation entry1="46" entry2="47" type="ECrel">
        <subtype name="compound" value="101"/>
    </relation>
    <relation entry1="45" entry2="48" type="ECrel">
        <subtype name="compound" value="88"/>
    </relation>
    <relation entry1="48" entry2="73" type="ECrel">
        <subtype name="compound" value="88"/>
    </relation>
    <relation entry1="41" entry2="51" type="ECrel">
        <subtype name="compound" value="85"/>
    </relation>
    <relation entry1="51" entry2="65" type="ECrel">
        <subtype name="compound" value="85"/>
    </relation>
    <relation entry1="41" entry2="47" type="ECrel">
        <subtype name="compound" value="75"/>
    </relation>
    <relation entry1="41" entry2="47" type="ECrel">
        <subtype name="compound" value="85"/>
    </relation>
    <relation entry1="47" entry2="65" type="ECrel">
        <subtype name="compound" value="75"/>
    </relation>
    <relation entry1="47" entry2="65" type="ECrel">
        <subtype name="compound" value="85"/>
    </relation>
    <relation entry1="46" entry2="73" type="ECrel">
        <subtype name="compound" value="75"/>
    </relation>
    <relation entry1="47" entry2="73" type="ECrel">
        <subtype name="compound" value="75"/>
    </relation>
    <relation entry1="41" entry2="73" type="ECrel">
        <subtype name="compound" value="75"/>
    </relation>
    <relation entry1="65" entry2="73" type="ECrel">
        <subtype name="compound" value="75"/>
    </relation>
    <relation entry1="42" entry2="73" type="ECrel">
        <subtype name="compound" value="75"/>
    </relation>
    <relation entry1="45" entry2="46" type="ECrel">
        <subtype name="compound" value="75"/>
    </relation>
    <relation entry1="45" entry2="47" type="ECrel">
        <subtype name="compound" value="75"/>
    </relation>
    <relation entry1="41" entry2="45" type="ECrel">
        <subtype name="compound" value="75"/>
    </relation>
    <relation entry1="45" entry2="65" type="ECrel">
        <subtype name="compound" value="75"/>
    </relation>
    <relation entry1="42" entry2="45" type="ECrel">
        <subtype name="compound" value="75"/>
    </relation>
    <relation entry1="41" entry2="46" type="ECrel">
        <subtype name="compound" value="75"/>
    </relation>
    <relation entry1="46" entry2="65" type="ECrel">
        <subtype name="compound" value="75"/>
    </relation>
    <relation entry1="42" entry2="46" type="ECrel">
        <subtype name="compound" value="75"/>
    </relation>
    <relation entry1="42" entry2="47" type="ECrel">
        <subtype name="compound" value="75"/>
    </relation>
    <relation entry1="40" entry2="49" type="maplink">
        <subtype name="compound" value="76"/>
    </relation>
    <relation entry1="53" entry2="49" type="maplink">
        <subtype name="compound" value="76"/>
    </relation>
    <relation entry1="53" entry2="40" type="maplink">
        <subtype name="compound" value="76"/>
    </relation>
    <relation entry1="51" entry2="62" type="maplink">
        <subtype name="compound" value="85"/>
    </relation>
    <relation entry1="47" entry2="62" type="maplink">
        <subtype name="compound" value="85"/>
    </relation>
    <relation entry1="41" entry2="62" type="maplink">
        <subtype name="compound" value="85"/>
    </relation>
    <relation entry1="65" entry2="62" type="maplink">
        <subtype name="compound" value="85"/>
    </relation>
    <relation entry1="51" entry2="58" type="ECrel">
        <subtype name="compound" value="82"/>
    </relation>
    <relation entry1="51" entry2="64" type="ECrel">
        <subtype name="compound" value="82"/>
    </relation>
    <relation entry1="51" entry2="55" type="ECrel">
        <subtype name="compound" value="82"/>
    </relation>
    <relation entry1="122" entry2="48" type="ECrel">
        <subtype name="compound" value="88"/>
    </relation>
    <relation entry1="122" entry2="46" type="ECrel">
        <subtype name="compound" value="75"/>
    </relation>
    <relation entry1="122" entry2="41" type="ECrel">
        <subtype name="compound" value="75"/>
    </relation>
    <relation entry1="122" entry2="47" type="ECrel">
        <subtype name="compound" value="75"/>
    </relation>
    <relation entry1="122" entry2="65" type="ECrel">
        <subtype name="compound" value="75"/>
    </relation>
    <relation entry1="122" entry2="42" type="ECrel">
        <subtype name="compound" value="75"/>
    </relation>
    <relation entry1="40" entry2="48" type="maplink">
        <subtype name="compound" value="88"/>
    </relation>
    <relation entry1="40" entry2="45" type="maplink">
        <subtype name="compound" value="88"/>
    </relation>
    <relation entry1="40" entry2="122" type="maplink">
        <subtype name="compound" value="88"/>
    </relation>
    <relation entry1="40" entry2="73" type="maplink">
        <subtype name="compound" value="88"/>
    </relation>
    <relation entry1="60" entry2="141" type="ECrel">
        <subtype name="compound" value="79"/>
    </relation>
    <relation entry1="141" entry2="49" type="maplink">
        <subtype name="compound" value="142"/>
    </relation>
    <reaction id="41" name="rn:R02250" type="irreversible">
        <substrate id="74" name="cpd:C00422"/>
        <product id="85" name="cpd:C00162"/>
        <product id="75" name="cpd:C00641"/>
    </reaction>
    <reaction id="42" name="rn:R02251" type="irreversible">
        <substrate id="84" name="cpd:C00040"/>
        <substrate id="75" name="cpd:C00641"/>
        <product id="74" name="cpd:C00422"/>
    </reaction>
    <reaction id="45" name="rn:R02239" type="irreversible">
        <substrate id="88" name="cpd:C00416"/>
        <product id="75" name="cpd:C00641"/>
    </reaction>
    <reaction id="46" name="rn:R03755 rn:R03756" type="irreversible">
        <substrate id="101" name="cpd:C01885"/>
        <product id="75" name="cpd:C00641"/>
    </reaction>
    <reaction id="47" name="rn:R02687" type="irreversible">
        <substrate id="75" name="cpd:C00641"/>
        <product id="85" name="cpd:C00162"/>
        <product id="101" name="cpd:C01885"/>
    </reaction>
    <reaction id="48" name="rn:R02241" type="irreversible">
        <substrate id="87" name="cpd:C00681"/>
        <substrate id="90" name="cpd:C00040"/>
        <product id="88" name="cpd:C00416"/>
    </reaction>
    <reaction id="50" name="rn:R02757" type="irreversible">
        <substrate id="101" name="cpd:C01885"/>
        <product id="87" name="cpd:C00681"/>
    </reaction>
    <reaction id="51" name="rn:R01351" type="irreversible">
        <substrate id="101" name="cpd:C01885"/>
        <product id="82" name="cpd:C00116"/>
        <product id="85" name="cpd:C00162"/>
    </reaction>
    <reaction id="52" name="rn:R00851" type="irreversible">
        <substrate id="77" name="cpd:C00093"/>
        <substrate id="93" name="cpd:C00040"/>
        <product id="87" name="cpd:C00681"/>
    </reaction>
    <reaction id="53" name="rn:R01011" type="irreversible">
        <substrate id="81" name="cpd:C00184"/>
        <product id="76" name="cpd:C00111"/>
    </reaction>
    <reaction id="55" name="rn:R00847" type="irreversible">
        <substrate id="82" name="cpd:C00116"/>
        <product id="77" name="cpd:C00093"/>
    </reaction>
    <reaction id="58" name="rn:R01036 rn:R01041" type="reversible">
        <substrate id="82" name="cpd:C00116"/>
        <product id="80" name="cpd:C00577"/>
    </reaction>
    <reaction id="60" name="rn:R01752" type="reversible">
        <substrate id="80" name="cpd:C00577"/>
        <product id="79" name="cpd:C00258"/>
    </reaction>
    <reaction id="64" name="rn:R01041" type="reversible">
        <substrate id="82" name="cpd:C00116"/>
        <product id="80" name="cpd:C00577"/>
    </reaction>
    <reaction id="65" name="rn:R01350" type="irreversible">
        <substrate id="74" name="cpd:C00422"/>
        <product id="85" name="cpd:C00162"/>
        <product id="75" name="cpd:C00641"/>
    </reaction>
    <reaction id="66" name="rn:R04470" type="irreversible">
        <substrate id="94" name="cpd:C06037"/>
        <product id="99" name="cpd:C03692"/>
    </reaction>
    <reaction id="73" name="rn:R02240" type="irreversible">
        <substrate id="75" name="cpd:C00641"/>
        <product id="88" name="cpd:C00416"/>
    </reaction>
    <reaction id="122" name="rn:R02239" type="irreversible">
        <substrate id="88" name="cpd:C00416"/>
        <product id="75" name="cpd:C00641"/>
    </reaction>
    <reaction id="141" name="rn:R08572" type="irreversible">
        <substrate id="79" name="cpd:C00258"/>
        <product id="142" name="cpd:C00631"/>
    </reaction>
</pathway>
