<?xml version="1.0"?>
<!DOCTYPE pathway SYSTEM "https://www.kegg.jp/kegg/xml/KGML_v0.7.2_.dtd">
<!-- Creation date: Oct 21, 2020 16:57:42 +0900 (GMT+9) -->
<pathway name="path:mmu00051" org="mmu" number="00051"
         title="Fructose and mannose metabolism"
         image="https://www.kegg.jp/kegg/pathway/mmu/mmu00051.png"
         link="https://www.kegg.jp/kegg-bin/show_pathway?mmu00051">
    <entry id="60" name="ko:K02768 ko:K02769 ko:K02770 ko:K11194 ko:K11195 ko:K11196 ko:K02771" type="ortholog" reaction="rn:R03232"
        link="https://www.kegg.jp/dbget-bin/www_bget?K02768+K02769+K02770+K11194+K11195+K11196+K02771">
        <graphics name="K02768..." fgcolor="#000000" bgcolor="#FFFFFF"
             type="rectangle" x="333" y="1011" width="46" height="17"/>
    </entry>
    <entry id="61" name="path:mmu00052" type="map"
        link="https://www.kegg.jp/dbget-bin/www_bget?mmu00052">
        <graphics name="Galactose metabolism" fgcolor="#000000" bgcolor="#FFFFFF"
             type="roundrectangle" x="76" y="152" width="76" height="34"/>
    </entry>
    <entry id="62" name="ko:K08261" type="ortholog" reaction="rn:R02925"
        link="https://www.kegg.jp/dbget-bin/www_bget?K08261">
        <graphics name="K08261" fgcolor="#000000" bgcolor="#FFFFFF"
             type="rectangle" x="221" y="122" width="46" height="17"/>
    </entry>
    <entry id="63" name="mmu:11677 mmu:11997 mmu:14187 mmu:67861" type="gene" reaction="rn:R01787"
        link="https://www.kegg.jp/dbget-bin/www_bget?mmu:11677+mmu:11997+mmu:14187+mmu:67861">
        <graphics name="Akr1b3, A, ALR2, AR, Ah, Ahr, Ahr-1, Ahr1, Akr1b1, Al, Aldor1, Aldr1..." fgcolor="#000000" bgcolor="#BFFFBF"
             type="rectangle" x="202" y="153" width="46" height="17"/>
    </entry>
    <entry id="64" name="mmu:20322" type="gene" reaction="rn:R00875"
        link="https://www.kegg.jp/dbget-bin/www_bget?mmu:20322">
        <graphics name="Sord, SDH, Sdh-, Sdh-1, Sdh1, Sodh, Sodh-1, XDH" fgcolor="#000000" bgcolor="#BFFFBF"
             type="rectangle" x="221" y="206" width="46" height="17"/>
    </entry>
    <entry id="65" name="ko:K01805" type="ortholog" reaction="rn:R00878"
        link="https://www.kegg.jp/dbget-bin/www_bget?K01805">
        <graphics name="K01805" fgcolor="#000000" bgcolor="#FFFFFF"
             type="rectangle" x="157" y="207" width="46" height="17"/>
    </entry>
    <entry id="66" name="mmu:16548" type="gene" reaction="rn:R00866"
        link="https://www.kegg.jp/dbget-bin/www_bget?mmu:16548">
        <graphics name="Khk" fgcolor="#000000" bgcolor="#BFFFBF"
             type="rectangle" x="333" y="990" width="46" height="17"/>
    </entry>
    <entry id="68" name="ko:K00007" type="ortholog" reaction="rn:R00868"
        link="https://www.kegg.jp/dbget-bin/www_bget?K00007">
        <graphics name="K00007" fgcolor="#000000" bgcolor="#FFFFFF"
             type="rectangle" x="432" y="177" width="46" height="17"/>
    </entry>
    <entry id="69" name="ko:K00045" type="ortholog" reaction="rn:R00868"
        link="https://www.kegg.jp/dbget-bin/www_bget?K00045">
        <graphics name="K00045" fgcolor="#000000" bgcolor="#FFFFFF"
             type="rectangle" x="432" y="196" width="46" height="17"/>
    </entry>
    <entry id="72" name="ko:K19270 ko:K24204" type="ortholog" reaction="rn:R02167"
        link="https://www.kegg.jp/dbget-bin/www_bget?K19270+K24204">
        <graphics name="K19270..." fgcolor="#000000" bgcolor="#FFFFFF"
             type="rectangle" x="753" y="191" width="46" height="17"/>
    </entry>
    <entry id="73" name="ko:K02798 ko:K02800" type="ortholog" reaction="rn:R02704"
        link="https://www.kegg.jp/dbget-bin/www_bget?K02798+K02800">
        <graphics name="K02798..." fgcolor="#000000" bgcolor="#FFFFFF"
             type="rectangle" x="803" y="203" width="46" height="17"/>
    </entry>
    <entry id="75" name="ko:K01218 ko:K19355" type="ortholog" reaction="rn:R01332"
        link="https://www.kegg.jp/dbget-bin/www_bget?K01218+K19355">
        <graphics name="K01218..." fgcolor="#000000" bgcolor="#FFFFFF"
             type="rectangle" x="172" y="396" width="46" height="17"/>
    </entry>
    <entry id="76" name="mmu:15275 mmu:15277 mmu:212032 mmu:216019" type="gene" reaction="rn:R01326"
        link="https://www.kegg.jp/dbget-bin/www_bget?mmu:15275+mmu:15277+mmu:212032+mmu:216019">
        <graphics name="Hk1, BB404130, Hk-1, Hk1-, Hk1-s, dea, mHk1-, mHk1-s..." fgcolor="#000000" bgcolor="#BFFFBF"
             type="rectangle" x="333" y="328" width="46" height="17"/>
    </entry>
    <entry id="78" name="ko:K02793 ko:K02794 ko:K02795 ko:K02796" type="ortholog" reaction="rn:R02630"
        link="https://www.kegg.jp/dbget-bin/www_bget?K02793+K02794+K02795+K02796">
        <graphics name="K02793..." fgcolor="#000000" bgcolor="#FFFFFF"
             type="rectangle" x="333" y="309" width="46" height="17"/>
    </entry>
    <entry id="79" name="mmu:15275 mmu:15277 mmu:212032 mmu:216019" type="gene" reaction="rn:R00867"
        link="https://www.kegg.jp/dbget-bin/www_bget?mmu:15275+mmu:15277+mmu:212032+mmu:216019">
        <graphics name="Hk1, BB404130, Hk-1, Hk1-, Hk1-s, dea, mHk1-, mHk1-s..." fgcolor="#000000" bgcolor="#BFFFBF"
             type="rectangle" x="495" y="287" width="46" height="17"/>
    </entry>
    <entry id="80" name="ko:K00847" type="ortholog" reaction="rn:R00867"
        link="https://www.kegg.jp/dbget-bin/www_bget?K00847">
        <graphics name="K00847" fgcolor="#000000" bgcolor="#FFFFFF"
             type="rectangle" x="547" y="287" width="46" height="17"/>
    </entry>
    <entry id="81" name="mmu:170768 mmu:18639 mmu:18640 mmu:270198 mmu:319801" type="gene" reaction="rn:R02731"
        link="https://www.kegg.jp/dbget-bin/www_bget?mmu:170768+mmu:18639+mmu:18640+mmu:270198+mmu:319801">
        <graphics name="Pfkfb3, E330010H22Rik, iPFK-2, uPFK-, uPFK-2..." fgcolor="#000000" bgcolor="#BFFFBF"
             type="rectangle" x="923" y="274" width="46" height="17"/>
    </entry>
    <entry id="82" name="ko:K00900" type="ortholog" reaction="rn:R02732"
        link="https://www.kegg.jp/dbget-bin/www_bget?K00900">
        <graphics name="K00900" fgcolor="#000000" bgcolor="#FFFFFF"
             type="rectangle" x="966" y="293" width="46" height="17"/>
    </entry>
    <entry id="83" name="ko:K00009" type="ortholog" reaction="rn:R02703"
        link="https://www.kegg.jp/dbget-bin/www_bget?K00009">
        <graphics name="K00009" fgcolor="#000000" bgcolor="#FFFFFF"
             type="rectangle" x="1000" y="258" width="46" height="17"/>
    </entry>
    <entry id="84" name="mmu:110119" type="gene" reaction="rn:R01819"
        link="https://www.kegg.jp/dbget-bin/www_bget?mmu:110119">
        <graphics name="Mpi, 1110002E17Rik, AI315153, Mp, Mpi-1, Mpi1" fgcolor="#000000" bgcolor="#BFFFBF"
             type="rectangle" x="705" y="329" width="46" height="17"/>
    </entry>
    <entry id="85" name="mmu:29858 mmu:54128" type="gene" reaction="rn:R01818"
        link="https://www.kegg.jp/dbget-bin/www_bget?mmu:29858+mmu:54128">
        <graphics name="Pmm1, C77612..." fgcolor="#000000" bgcolor="#BFFFBF"
             type="rectangle" x="420" y="360" width="46" height="17"/>
    </entry>
    <entry id="87" name="mmu:75540" type="gene" reaction="rn:R01951"
        link="https://www.kegg.jp/dbget-bin/www_bget?mmu:75540">
        <graphics name="Fpgt, 1700016E03Rik" fgcolor="#000000" bgcolor="#BFFFBF"
             type="rectangle" x="420" y="655" width="46" height="17"/>
    </entry>
    <entry id="88" name="mmu:22122" type="gene" reaction="rn:R05692"
        link="https://www.kegg.jp/dbget-bin/www_bget?mmu:22122">
        <graphics name="Gfus, AI256181, FX, Tst, Tsta3, Tstap, Tstap35b" fgcolor="#000000" bgcolor="#BFFFBF"
             type="rectangle" x="420" y="588" width="46" height="17"/>
    </entry>
    <entry id="89" name="mmu:218138" type="gene" reaction="rn:R00888"
        link="https://www.kegg.jp/dbget-bin/www_bget?mmu:218138">
        <graphics name="Gmds, BC031788, C87208" fgcolor="#000000" bgcolor="#BFFFBF"
             type="rectangle" x="420" y="523" width="46" height="17"/>
    </entry>
    <entry id="90" name="mmu:331026 mmu:69080" type="gene" reaction="rn:R00885"
        link="https://www.kegg.jp/dbget-bin/www_bget?mmu:331026+mmu:69080">
        <graphics name="Gmppb, AI317178, E430010H19..." fgcolor="#000000" bgcolor="#BFFFBF"
             type="rectangle" x="395" y="431" width="46" height="17"/>
    </entry>
    <entry id="92" name="ko:K00068" type="ortholog" reaction="rn:R05607"
        link="https://www.kegg.jp/dbget-bin/www_bget?K00068">
        <graphics name="K00068" fgcolor="#000000" bgcolor="#FFFFFF"
             type="rectangle" x="1017" y="362" width="46" height="17"/>
    </entry>
    <entry id="93" name="ko:K02781 ko:K02782 ko:K02783" type="ortholog" reaction="rn:R05820"
        link="https://www.kegg.jp/dbget-bin/www_bget?K02781+K02782+K02783">
        <graphics name="K02781..." fgcolor="#000000" bgcolor="#FFFFFF"
             type="rectangle" x="1018" y="456" width="46" height="17"/>
    </entry>
    <entry id="94" name="mmu:18641 mmu:18642 mmu:56421" type="gene" reaction="rn:R04779"
        link="https://www.kegg.jp/dbget-bin/www_bget?mmu:18641+mmu:18642+mmu:56421">
        <graphics name="Pfkl, AA407869, ATP-PFK, PFK-B, PFK-L..." fgcolor="#000000" bgcolor="#BFFFBF"
             type="rectangle" x="986" y="423" width="46" height="17"/>
    </entry>
    <entry id="95" name="ko:K00895 ko:K21071" type="ortholog" reaction="rn:R02073"
        link="https://www.kegg.jp/dbget-bin/www_bget?K00895+K21071">
        <graphics name="K00895..." fgcolor="#000000" bgcolor="#FFFFFF"
             type="rectangle" x="945" y="452" width="46" height="17"/>
    </entry>
    <entry id="96" name="ko:K01729" type="ortholog" reaction="rn:R03706"
        link="https://www.kegg.jp/dbget-bin/www_bget?K01729">
        <graphics name="K01729" fgcolor="#000000" bgcolor="#FFFFFF"
             type="rectangle" x="791" y="405" width="46" height="17"/>
    </entry>
    <entry id="97" name="ko:K19290 ko:K19291" type="ortholog" reaction="rn:R08692"
        link="https://www.kegg.jp/dbget-bin/www_bget?K19290+K19291">
        <graphics name="K19290..." fgcolor="#000000" bgcolor="#FFFFFF"
             type="rectangle" x="591" y="416" width="46" height="17"/>
    </entry>
    <entry id="98" name="ko:K00882" type="ortholog" reaction="rn:R02071"
        link="https://www.kegg.jp/dbget-bin/www_bget?K00882">
        <graphics name="K00882" fgcolor="#000000" bgcolor="#FFFFFF"
             type="rectangle" x="1061" y="743" width="46" height="17"/>
    </entry>
    <entry id="99" name="mmu:21991" type="gene" reaction="rn:R01015"
        link="https://www.kegg.jp/dbget-bin/www_bget?mmu:21991">
        <graphics name="Tpi1, AI255506, TIM, Tpi, Tpi-1" fgcolor="#000000" bgcolor="#BFFFBF"
             type="rectangle" x="945" y="692" width="46" height="17"/>
    </entry>
    <entry id="100" name="mmu:11674 mmu:11676 mmu:230163 mmu:353204 mmu:79459" type="gene" reaction="rn:R02568"
        link="https://www.kegg.jp/dbget-bin/www_bget?mmu:11674+mmu:11676+mmu:230163+mmu:353204+mmu:79459">
        <graphics name="Aldoa, Al, Ald, Aldo-1, Aldo1..." fgcolor="#000000" bgcolor="#BFFFBF"
             type="rectangle" x="612" y="994" width="46" height="17"/>
    </entry>
    <entry id="101" name="mmu:225913" type="gene" reaction="rn:R01059"
        link="https://www.kegg.jp/dbget-bin/www_bget?mmu:225913">
        <graphics name="Tkfc, BC021917, Da, Dak" fgcolor="#000000" bgcolor="#BFFFBF"
             type="rectangle" x="999" y="743" width="46" height="17"/>
    </entry>
    <entry id="102" name="mmu:11674 mmu:11676 mmu:230163 mmu:353204 mmu:79459" type="gene" reaction="rn:R01070"
        link="https://www.kegg.jp/dbget-bin/www_bget?mmu:11674+mmu:11676+mmu:230163+mmu:353204+mmu:79459">
        <graphics name="Aldoa, Al, Ald, Aldo-1, Aldo1..." fgcolor="#000000" bgcolor="#BFFFBF"
             type="rectangle" x="945" y="598" width="46" height="17"/>
    </entry>
    <entry id="103" name="path:mmu00010" type="map"
        link="https://www.kegg.jp/dbget-bin/www_bget?mmu00010">
        <graphics name="Glycolysis / Gluconeogenesis" fgcolor="#000000" bgcolor="#FFFFFF"
             type="roundrectangle" x="1091" y="325" width="70" height="25"/>
    </entry>
    <entry id="104" name="ko:K01813 ko:K01820" type="ortholog" reaction="rn:R02437"
        link="https://www.kegg.jp/dbget-bin/www_bget?K01813+K01820">
        <graphics name="K01813..." fgcolor="#000000" bgcolor="#FFFFFF"
             type="rectangle" x="246" y="936" width="46" height="17"/>
    </entry>
    <entry id="105" name="ko:K00848" type="ortholog" reaction="rn:R03014"
        link="https://www.kegg.jp/dbget-bin/www_bget?K00848">
        <graphics name="K00848" fgcolor="#000000" bgcolor="#FFFFFF"
             type="rectangle" x="333" y="965" width="46" height="17"/>
    </entry>
    <entry id="106" name="ko:K18337" type="ortholog" reaction="rn:R03942"
        link="https://www.kegg.jp/dbget-bin/www_bget?K18337">
        <graphics name="K18337" fgcolor="#000000" bgcolor="#FFFFFF"
             type="rectangle" x="287" y="862" width="46" height="17"/>
    </entry>
    <entry id="107" name="ko:K01629" type="ortholog" reaction="rn:R02263"
        link="https://www.kegg.jp/dbget-bin/www_bget?K01629">
        <graphics name="K01629" fgcolor="#000000" bgcolor="#FFFFFF"
             type="rectangle" x="612" y="965" width="46" height="17"/>
    </entry>
    <entry id="108" name="ko:K18338" type="ortholog" reaction="rn:R03772"
        link="https://www.kegg.jp/dbget-bin/www_bget?K18338">
        <graphics name="K18338" fgcolor="#000000" bgcolor="#FFFFFF"
             type="rectangle" x="374" y="863" width="46" height="17"/>
    </entry>
    <entry id="109" name="ko:K12661" type="ortholog" reaction="rn:R03774"
        link="https://www.kegg.jp/dbget-bin/www_bget?K12661">
        <graphics name="K12661" fgcolor="#000000" bgcolor="#FFFFFF"
             type="rectangle" x="470" y="863" width="46" height="17"/>
    </entry>
    <entry id="110" name="ko:K12660 ko:K18339" type="ortholog" reaction="rn:R02261"
        link="https://www.kegg.jp/dbget-bin/www_bget?K12660+K18339">
        <graphics name="K12660..." fgcolor="#000000" bgcolor="#FFFFFF"
             type="rectangle" x="612" y="864" width="46" height="17"/>
    </entry>
    <entry id="111" name="mmu:14120 mmu:14121" type="gene" reaction="rn:R04780"
        link="https://www.kegg.jp/dbget-bin/www_bget?mmu:14120+mmu:14121">
        <graphics name="Fbp2, Fbp-, Fbp-1, Fbp1, Rae-30..." fgcolor="#000000" bgcolor="#BFFFBF"
             type="rectangle" x="901" y="423" width="46" height="17"/>
    </entry>
    <entry id="112" name="path:mmu00051" type="map"
        link="https://www.kegg.jp/dbget-bin/www_bget?mmu00051">
        <graphics name="TITLE:Fructose and mannose metabolism" fgcolor="#000000" bgcolor="#FFFFFF"
             type="roundrectangle" x="190" y="58" width="300" height="25"/>
    </entry>
    <entry id="113" name="path:mmu00520" type="map"
        link="https://www.kegg.jp/dbget-bin/www_bget?mmu00520">
        <graphics name="Amino sugar and nucleotide sugar metabolism" fgcolor="#000000" bgcolor="#FFFFFF"
             type="roundrectangle" x="106" y="328" width="103" height="45"/>
    </entry>
    <entry id="114" name="ko:K00066" type="ortholog" reaction="rn:R00880"
        link="https://www.kegg.jp/dbget-bin/www_bget?K00066">
        <graphics name="K00066" fgcolor="#000000" bgcolor="#FFFFFF"
             type="rectangle" x="545" y="448" width="46" height="17"/>
    </entry>
    <entry id="119" name="ko:K18447" type="ortholog" reaction="rn:R02677"
        link="https://www.kegg.jp/dbget-bin/www_bget?K18447">
        <graphics name="K18447" fgcolor="#000000" bgcolor="#FFFFFF"
             type="rectangle" x="369" y="392" width="46" height="17"/>
    </entry>
    <entry id="121" name="ko:K19956" type="ortholog" reaction="rn:R03234"
        link="https://www.kegg.jp/dbget-bin/www_bget?K19956">
        <graphics name="K19956" fgcolor="#000000" bgcolor="#FFFFFF"
             type="rectangle" x="1070" y="423" width="46" height="17"/>
    </entry>
    <entry id="122" name="ko:K02812 ko:K02813 ko:K02814 ko:K02815" type="ortholog" reaction="rn:R04076"
        link="https://www.kegg.jp/dbget-bin/www_bget?K02812+K02813+K02814+K02815">
        <graphics name="K02812..." fgcolor="#000000" bgcolor="#FFFFFF"
             type="rectangle" x="1071" y="501" width="46" height="17"/>
    </entry>
    <entry id="123" name="mmu:234730" type="gene" reaction="rn:R03161"
        link="https://www.kegg.jp/dbget-bin/www_bget?mmu:234730">
        <graphics name="Fcsk, 1110046B12Rik, AI303278, Fuk" fgcolor="#000000" bgcolor="#BFFFBF"
             type="rectangle" x="333" y="688" width="46" height="17"/>
    </entry>
    <entry id="125" name="cpd:C00247" type="compound"
        link="https://www.kegg.jp/dbget-bin/www_bget?C00247">
        <graphics name="C00247" fgcolor="#000000" bgcolor="#FFFFFF"
             type="circle" x="246" y="97" width="8" height="8"/>
    </entry>
    <entry id="126" name="cpd:C00267" type="compound"
        link="https://www.kegg.jp/dbget-bin/www_bget?C00267">
        <graphics name="C00267" fgcolor="#000000" bgcolor="#FFFFFF"
             type="circle" x="158" y="152" width="8" height="8"/>
    </entry>
    <entry id="127" name="cpd:C01094" type="compound"
        link="https://www.kegg.jp/dbget-bin/www_bget?C01094">
        <graphics name="C01094" fgcolor="#000000" bgcolor="#FFFFFF"
             type="circle" x="420" y="1000" width="8" height="8"/>
    </entry>
    <entry id="128" name="cpd:C00159" type="compound"
        link="https://www.kegg.jp/dbget-bin/www_bget?C00159">
        <graphics name="C00159" fgcolor="#000000" bgcolor="#FFFFFF"
             type="circle" x="246" y="328" width="8" height="8"/>
    </entry>
    <entry id="129" name="cpd:C00275" type="compound"
        link="https://www.kegg.jp/dbget-bin/www_bget?C00275">
        <graphics name="C00275" fgcolor="#000000" bgcolor="#FFFFFF"
             type="circle" x="420" y="328" width="8" height="8"/>
    </entry>
    <entry id="130" name="cpd:C00392" type="compound"
        link="https://www.kegg.jp/dbget-bin/www_bget?C00392">
        <graphics name="C00392" fgcolor="#000000" bgcolor="#FFFFFF"
             type="circle" x="528" y="196" width="8" height="8"/>
    </entry>
    <entry id="131" name="cpd:C00644" type="compound"
        link="https://www.kegg.jp/dbget-bin/www_bget?C00644">
        <graphics name="C00644" fgcolor="#000000" bgcolor="#FFFFFF"
             type="circle" x="1000" y="196" width="8" height="8"/>
    </entry>
    <entry id="132" name="cpd:C03267" type="compound"
        link="https://www.kegg.jp/dbget-bin/www_bget?C03267">
        <graphics name="C03267" fgcolor="#000000" bgcolor="#FFFFFF"
             type="circle" x="571" y="243" width="8" height="8"/>
    </entry>
    <entry id="133" name="cpd:C00665" type="compound"
        link="https://www.kegg.jp/dbget-bin/www_bget?C00665">
        <graphics name="C00665" fgcolor="#000000" bgcolor="#FFFFFF"
             type="circle" x="944" y="243" width="8" height="8"/>
    </entry>
    <entry id="134" name="cpd:C00794" type="compound"
        link="https://www.kegg.jp/dbget-bin/www_bget?C00794">
        <graphics name="C00794" fgcolor="#000000" bgcolor="#FFFFFF"
             type="circle" x="1017" y="491" width="8" height="8"/>
    </entry>
    <entry id="135" name="cpd:C00464" type="compound"
        link="https://www.kegg.jp/dbget-bin/www_bget?C00464">
        <graphics name="C00464" fgcolor="#000000" bgcolor="#FFFFFF"
             type="circle" x="246" y="432" width="8" height="8"/>
    </entry>
    <entry id="136" name="cpd:C02492" type="compound"
        link="https://www.kegg.jp/dbget-bin/www_bget?C02492">
        <graphics name="C02492" fgcolor="#000000" bgcolor="#FFFFFF"
             type="circle" x="172" y="473" width="8" height="8"/>
    </entry>
    <entry id="137" name="cpd:C01096" type="compound"
        link="https://www.kegg.jp/dbget-bin/www_bget?C01096">
        <graphics name="C01096" fgcolor="#000000" bgcolor="#FFFFFF"
             type="circle" x="1017" y="401" width="8" height="8"/>
    </entry>
    <entry id="138" name="cpd:C00325" type="compound"
        link="https://www.kegg.jp/dbget-bin/www_bget?C00325">
        <graphics name="C00325" fgcolor="#000000" bgcolor="#FFFFFF"
             type="circle" x="420" y="620" width="8" height="8"/>
    </entry>
    <entry id="139" name="cpd:C01768" type="compound"
        link="https://www.kegg.jp/dbget-bin/www_bget?C01768">
        <graphics name="C01768" fgcolor="#000000" bgcolor="#FFFFFF"
             type="circle" x="746" y="415" width="8" height="8"/>
    </entry>
    <entry id="140" name="cpd:C00577" type="compound"
        link="https://www.kegg.jp/dbget-bin/www_bget?C00577">
        <graphics name="C00577" fgcolor="#000000" bgcolor="#FFFFFF"
             type="circle" x="999" y="840" width="8" height="8"/>
    </entry>
    <entry id="141" name="cpd:C00507" type="compound"
        link="https://www.kegg.jp/dbget-bin/www_bget?C00507">
        <graphics name="C00507" fgcolor="#000000" bgcolor="#FFFFFF"
             type="circle" x="246" y="905" width="8" height="8"/>
    </entry>
    <entry id="142" name="cpd:C00861" type="compound"
        link="https://www.kegg.jp/dbget-bin/www_bget?C00861">
        <graphics name="C00861" fgcolor="#000000" bgcolor="#FFFFFF"
             type="circle" x="246" y="964" width="8" height="8"/>
    </entry>
    <entry id="143" name="cpd:C01131" type="compound"
        link="https://www.kegg.jp/dbget-bin/www_bget?C01131">
        <graphics name="C01131" fgcolor="#000000" bgcolor="#FFFFFF"
             type="circle" x="420" y="964" width="8" height="8"/>
    </entry>
    <entry id="144" name="cpd:C02431" type="compound"
        link="https://www.kegg.jp/dbget-bin/www_bget?C02431">
        <graphics name="C02431" fgcolor="#000000" bgcolor="#FFFFFF"
             type="circle" x="246" y="862" width="8" height="8"/>
    </entry>
    <entry id="145" name="cpd:C01934" type="compound"
        link="https://www.kegg.jp/dbget-bin/www_bget?C01934">
        <graphics name="C01934" fgcolor="#000000" bgcolor="#FFFFFF"
             type="circle" x="427" y="862" width="8" height="8"/>
    </entry>
    <entry id="146" name="cpd:C03979" type="compound"
        link="https://www.kegg.jp/dbget-bin/www_bget?C03979">
        <graphics name="C03979" fgcolor="#000000" bgcolor="#FFFFFF"
             type="circle" x="522" y="862" width="8" height="8"/>
    </entry>
    <entry id="147" name="cpd:C00118" type="compound"
        link="https://www.kegg.jp/dbget-bin/www_bget?C00118">
        <graphics name="C00118" fgcolor="#000000" bgcolor="#FFFFFF"
             type="circle" x="945" y="640" width="8" height="8"/>
    </entry>
    <entry id="148" name="cpd:C00096" type="compound"
        link="https://www.kegg.jp/dbget-bin/www_bget?C00096">
        <graphics name="C00096" fgcolor="#000000" bgcolor="#FFFFFF"
             type="circle" x="420" y="472" width="8" height="8"/>
    </entry>
    <entry id="149" name="cpd:C05345" type="compound"
        link="https://www.kegg.jp/dbget-bin/www_bget?C05345">
        <graphics name="C05345" fgcolor="#000000" bgcolor="#FFFFFF"
             type="circle" x="945" y="328" width="8" height="8"/>
    </entry>
    <entry id="150" name="cpd:C00976" type="compound"
        link="https://www.kegg.jp/dbget-bin/www_bget?C00976">
        <graphics name="C00976" fgcolor="#000000" bgcolor="#FFFFFF"
             type="circle" x="545" y="415" width="8" height="8"/>
    </entry>
    <entry id="151" name="cpd:C01222" type="compound"
        link="https://www.kegg.jp/dbget-bin/www_bget?C01222">
        <graphics name="C01222" fgcolor="#000000" bgcolor="#FFFFFF"
             type="circle" x="420" y="562" width="8" height="8"/>
    </entry>
    <entry id="152" name="cpd:C02985" type="compound"
        link="https://www.kegg.jp/dbget-bin/www_bget?C02985">
        <graphics name="C02985" fgcolor="#000000" bgcolor="#FFFFFF"
             type="circle" x="420" y="687" width="8" height="8"/>
    </entry>
    <entry id="153" name="cpd:C05392" type="compound"
        link="https://www.kegg.jp/dbget-bin/www_bget?C05392">
        <graphics name="C05392" fgcolor="#000000" bgcolor="#FFFFFF"
             type="circle" x="846" y="415" width="8" height="8"/>
    </entry>
    <entry id="156" name="ko:K15856" type="ortholog" reaction="rn:R03397 rn:R03399"
        link="https://www.kegg.jp/dbget-bin/www_bget?K15856">
        <graphics name="K15856" fgcolor="#000000" bgcolor="#FFFFFF"
             type="rectangle" x="571" y="633" width="46" height="17"/>
    </entry>
    <entry id="157" name="ko:K22252" type="ortholog" reaction="rn:R03396 rn:R03398"
        link="https://www.kegg.jp/dbget-bin/www_bget?K22252">
        <graphics name="K22252" fgcolor="#000000" bgcolor="#FFFFFF"
             type="rectangle" x="570" y="562" width="46" height="17"/>
    </entry>
    <entry id="159" name="cpd:C02977" type="compound"
        link="https://www.kegg.jp/dbget-bin/www_bget?C02977">
        <graphics name="C02977" fgcolor="#000000" bgcolor="#FFFFFF"
             type="circle" x="631" y="561" width="8" height="8"/>
    </entry>
    <entry id="160" name="cpd:C03117" type="compound"
        link="https://www.kegg.jp/dbget-bin/www_bget?C03117">
        <graphics name="C03117" fgcolor="#000000" bgcolor="#FFFFFF"
             type="circle" x="631" y="622" width="8" height="8"/>
    </entry>
    <entry id="161" name="cpd:C00095" type="compound"
        link="https://www.kegg.jp/dbget-bin/www_bget?C00095">
        <graphics name="C00095" fgcolor="#000000" bgcolor="#FFFFFF"
             type="circle" x="246" y="243" width="8" height="8"/>
    </entry>
    <entry id="162" name="cpd:C00794" type="compound"
        link="https://www.kegg.jp/dbget-bin/www_bget?C00794">
        <graphics name="C00794" fgcolor="#000000" bgcolor="#FFFFFF"
             type="circle" x="246" y="152" width="8" height="8"/>
    </entry>
    <entry id="163" name="cpd:C00636" type="compound"
        link="https://www.kegg.jp/dbget-bin/www_bget?C00636">
        <graphics name="C00636" fgcolor="#000000" bgcolor="#FFFFFF"
             type="circle" x="420" y="392" width="8" height="8"/>
    </entry>
    <entry id="164" name="cpd:C05378" type="compound"
        link="https://www.kegg.jp/dbget-bin/www_bget?C05378">
        <graphics name="C05378" fgcolor="#000000" bgcolor="#FFFFFF"
             type="circle" x="945" y="552" width="8" height="8"/>
    </entry>
    <entry id="165" name="cpd:C02991" type="compound"
        link="https://www.kegg.jp/dbget-bin/www_bget?C02991">
        <graphics name="C02991" fgcolor="#000000" bgcolor="#FFFFFF"
             type="circle" x="332" y="862" width="8" height="8"/>
    </entry>
    <entry id="166" name="cpd:C01355" type="compound"
        link="https://www.kegg.jp/dbget-bin/www_bget?C01355">
        <graphics name="C01355" fgcolor="#000000" bgcolor="#FFFFFF"
             type="circle" x="346" y="275" width="8" height="8"/>
    </entry>
    <entry id="167" name="cpd:C01019" type="compound"
        link="https://www.kegg.jp/dbget-bin/www_bget?C01019">
        <graphics name="C01019" fgcolor="#000000" bgcolor="#FFFFFF"
             type="circle" x="246" y="687" width="8" height="8"/>
    </entry>
    <entry id="172" name="ko:K00879" type="ortholog" reaction="rn:R03241"
        link="https://www.kegg.jp/dbget-bin/www_bget?K00879">
        <graphics name="K00879" fgcolor="#000000" bgcolor="#FFFFFF"
             type="rectangle" x="333" y="747" width="46" height="17"/>
    </entry>
    <entry id="173" name="ko:K01628" type="ortholog" reaction="rn:R02262"
        link="https://www.kegg.jp/dbget-bin/www_bget?K01628">
        <graphics name="K01628" fgcolor="#000000" bgcolor="#FFFFFF"
             type="rectangle" x="612" y="747" width="46" height="17"/>
    </entry>
    <entry id="174" name="ko:K01818" type="ortholog" reaction="rn:R03163"
        link="https://www.kegg.jp/dbget-bin/www_bget?K01818">
        <graphics name="K01818" fgcolor="#000000" bgcolor="#FFFFFF"
             type="rectangle" x="246" y="718" width="46" height="17"/>
    </entry>
    <entry id="175" name="cpd:C00111" type="compound"
        link="https://www.kegg.jp/dbget-bin/www_bget?C00111">
        <graphics name="C00111" fgcolor="#000000" bgcolor="#FFFFFF"
             type="circle" x="945" y="746" width="8" height="8"/>
    </entry>
    <entry id="176" name="cpd:C01099" type="compound"
        link="https://www.kegg.jp/dbget-bin/www_bget?C01099">
        <graphics name="C01099" fgcolor="#000000" bgcolor="#FFFFFF"
             type="circle" x="420" y="746" width="8" height="8"/>
    </entry>
    <entry id="177" name="cpd:C01721" type="compound"
        link="https://www.kegg.jp/dbget-bin/www_bget?C01721">
        <graphics name="C01721" fgcolor="#000000" bgcolor="#FFFFFF"
             type="circle" x="246" y="746" width="8" height="8"/>
    </entry>
    <entry id="178" name="cpd:C06192" type="compound"
        link="https://www.kegg.jp/dbget-bin/www_bget?C06192">
        <graphics name="C06192" fgcolor="#000000" bgcolor="#FFFFFF"
             type="circle" x="325" y="392" width="8" height="8"/>
    </entry>
    <entry id="179" name="cpd:C02888" type="compound"
        link="https://www.kegg.jp/dbget-bin/www_bget?C02888">
        <graphics name="C02888" fgcolor="#000000" bgcolor="#FFFFFF"
             type="circle" x="1070" y="458" width="8" height="8"/>
    </entry>
    <entry id="180" name="cpd:C00247" type="compound"
        link="https://www.kegg.jp/dbget-bin/www_bget?C00247">
        <graphics name="C00247" fgcolor="#000000" bgcolor="#FFFFFF"
             type="circle" x="1070" y="534" width="8" height="8"/>
    </entry>
    <entry id="186" name="path:mmu00510" type="map"
        link="https://www.kegg.jp/dbget-bin/www_bget?mmu00510">
        <graphics name="N-Glycan biosynthesis" fgcolor="#000000" bgcolor="#FFFFFF"
             type="roundrectangle" x="353" y="562" width="80" height="34"/>
    </entry>
    <entry id="189" name="ko:K03332" type="ortholog" reaction="rn:R00879"
        link="https://www.kegg.jp/dbget-bin/www_bget?K03332">
        <graphics name="K03332" fgcolor="#000000" bgcolor="#FFFFFF"
             type="rectangle" x="301" y="275" width="46" height="17"/>
    </entry>
    <entry id="193" name="ko:K17195" type="ortholog" reaction="rn:R09031"
        link="https://www.kegg.jp/dbget-bin/www_bget?K17195">
        <graphics name="K17195" fgcolor="#000000" bgcolor="#FFFFFF"
             type="rectangle" x="1048" y="288" width="46" height="17"/>
    </entry>
    <entry id="194" name="cpd:C18096" type="compound"
        link="https://www.kegg.jp/dbget-bin/www_bget?C18096">
        <graphics name="C18096" fgcolor="#000000" bgcolor="#FFFFFF"
             type="circle" x="1048" y="257" width="8" height="8"/>
    </entry>
    <entry id="196" name="ko:K01808" type="ortholog" reaction="rn:R09030"
        link="https://www.kegg.jp/dbget-bin/www_bget?K01808">
        <graphics name="K01808" fgcolor="#000000" bgcolor="#FFFFFF"
             type="rectangle" x="1048" y="221" width="46" height="17"/>
    </entry>
    <entry id="197" name="cpd:C02962" type="compound"
        link="https://www.kegg.jp/dbget-bin/www_bget?C02962">
        <graphics name="C02962" fgcolor="#000000" bgcolor="#FFFFFF"
             type="circle" x="1048" y="192" width="8" height="8"/>
    </entry>
    <entry id="198" name="ko:K00881" type="ortholog" reaction="rn:R03576"
        link="https://www.kegg.jp/dbget-bin/www_bget?K00881">
        <graphics name="K00881" fgcolor="#000000" bgcolor="#FFFFFF"
             type="rectangle" x="1048" y="157" width="46" height="17"/>
    </entry>
    <entry id="199" name="cpd:C01487" type="compound"
        link="https://www.kegg.jp/dbget-bin/www_bget?C01487">
        <graphics name="C01487" fgcolor="#000000" bgcolor="#FFFFFF"
             type="circle" x="1048" y="129" width="8" height="8"/>
    </entry>
    <entry id="201" name="ko:K00064 ko:K18333" type="ortholog" reaction="rn:R08926"
        link="https://www.kegg.jp/dbget-bin/www_bget?K00064+K18333">
        <graphics name="K00064..." fgcolor="#000000" bgcolor="#FFFFFF"
             type="rectangle" x="285" y="789" width="46" height="17"/>
    </entry>
    <entry id="202" name="cpd:C18028" type="compound"
        link="https://www.kegg.jp/dbget-bin/www_bget?C18028">
        <graphics name="C18028" fgcolor="#000000" bgcolor="#FFFFFF"
             type="circle" x="332" y="788" width="8" height="8"/>
    </entry>
    <entry id="204" name="cpd:C01720" type="compound"
        link="https://www.kegg.jp/dbget-bin/www_bget?C01720">
        <graphics name="C01720" fgcolor="#000000" bgcolor="#FFFFFF"
             type="circle" x="427" y="788" width="8" height="8"/>
    </entry>
    <entry id="205" name="ko:K07046" type="ortholog" reaction="rn:R10689"
        link="https://www.kegg.jp/dbget-bin/www_bget?K07046">
        <graphics name="K07046" fgcolor="#000000" bgcolor="#FFFFFF"
             type="rectangle" x="374" y="789" width="46" height="17"/>
    </entry>
    <entry id="206" name="cpd:C03827" type="compound"
        link="https://www.kegg.jp/dbget-bin/www_bget?C03827">
        <graphics name="C03827" fgcolor="#000000" bgcolor="#FFFFFF"
             type="circle" x="522" y="788" width="8" height="8"/>
    </entry>
    <entry id="208" name="ko:K18334" type="ortholog" reaction="rn:R03688"
        link="https://www.kegg.jp/dbget-bin/www_bget?K18334">
        <graphics name="K18334" fgcolor="#000000" bgcolor="#FFFFFF"
             type="rectangle" x="470" y="789" width="46" height="17"/>
    </entry>
    <entry id="209" name="cpd:C20781" type="compound"
        link="https://www.kegg.jp/dbget-bin/www_bget?C20781">
        <graphics name="C20781" fgcolor="#000000" bgcolor="#FFFFFF"
             type="circle" x="617" y="788" width="8" height="8"/>
    </entry>
    <entry id="211" name="ko:K18335" type="ortholog" reaction="rn:R10690"
        link="https://www.kegg.jp/dbget-bin/www_bget?K18335">
        <graphics name="K18335" fgcolor="#000000" bgcolor="#FFFFFF"
             type="rectangle" x="564" y="789" width="46" height="17"/>
    </entry>
    <entry id="213" name="ko:K18336" type="ortholog" reaction="rn:R10691"
        link="https://www.kegg.jp/dbget-bin/www_bget?K18336">
        <graphics name="K18336" fgcolor="#000000" bgcolor="#FFFFFF"
             type="rectangle" x="660" y="789" width="46" height="17"/>
    </entry>
    <entry id="215" name="path:mmu00620" type="map"
        link="https://www.kegg.jp/dbget-bin/www_bget?mmu00620">
        <graphics name="Pyruvate metabolism" fgcolor="#000000" bgcolor="#FFFFFF"
             type="roundrectangle" x="786" y="788" width="69" height="34"/>
    </entry>
    <entry id="216" name="cpd:C00424" type="compound"
        link="https://www.kegg.jp/dbget-bin/www_bget?C00424">
        <graphics name="C00424" fgcolor="#000000" bgcolor="#FFFFFF"
             type="circle" x="712" y="862" width="8" height="8"/>
    </entry>
    <entry id="217" name="path:mmu00520" type="map"
        link="https://www.kegg.jp/dbget-bin/www_bget?mmu00520">
        <graphics name="Amino sugar and nucleotide sugar metabolism" fgcolor="#000000" bgcolor="#FFFFFF"
             type="roundrectangle" x="546" y="354" width="153" height="34"/>
    </entry>
    <entry id="218" name="path:mmu00010" type="map"
        link="https://www.kegg.jp/dbget-bin/www_bget?mmu00010">
        <graphics name="Glycolysis / Gluconeogenesis" fgcolor="#000000" bgcolor="#FFFFFF"
             type="roundrectangle" x="867" y="641" width="70" height="25"/>
    </entry>
    <entry id="220" name="cpd:C00186" type="compound"
        link="https://www.kegg.jp/dbget-bin/www_bget?C00186">
        <graphics name="C00186" fgcolor="#000000" bgcolor="#FFFFFF"
             type="circle" x="712" y="788" width="8" height="8"/>
    </entry>
    <entry id="222" name="ko:K05947" type="ortholog" reaction="rn:R05768"
        link="https://www.kegg.jp/dbget-bin/www_bget?K05947">
        <graphics name="K05947" fgcolor="#000000" bgcolor="#FFFFFF"
             type="rectangle" x="584" y="477" width="46" height="17"/>
    </entry>
    <entry id="224" name="cpd:C11544" type="compound"
        link="https://www.kegg.jp/dbget-bin/www_bget?C11544">
        <graphics name="C11544" fgcolor="#000000" bgcolor="#FFFFFF"
             type="circle" x="733" y="475" width="8" height="8"/>
    </entry>
    <entry id="225" name="ko:K07026" type="ortholog" reaction="rn:R05790"
        link="https://www.kegg.jp/dbget-bin/www_bget?K07026">
        <graphics name="K07026" fgcolor="#000000" bgcolor="#FFFFFF"
             type="rectangle" x="686" y="476" width="46" height="17"/>
    </entry>
    <entry id="227" name="ko:K18818" type="ortholog" reaction="rn:R09666"
        link="https://www.kegg.jp/dbget-bin/www_bget?K18818">
        <graphics name="K18818" fgcolor="#000000" bgcolor="#FFFFFF"
             type="rectangle" x="584" y="509" width="46" height="17"/>
    </entry>
    <entry id="228" name="cpd:C11516" type="compound"
        link="https://www.kegg.jp/dbget-bin/www_bget?C11516">
        <graphics name="C11516" fgcolor="#000000" bgcolor="#FFFFFF"
             type="circle" x="636" y="475" width="8" height="8"/>
    </entry>
    <entry id="229" name="ko:K18337" type="ortholog" reaction="rn:R10788"
        link="https://www.kegg.jp/dbget-bin/www_bget?K18337">
        <graphics name="K18337" fgcolor="#000000" bgcolor="#FFFFFF"
             type="rectangle" x="287" y="916" width="46" height="17"/>
    </entry>
    <entry id="230" name="ko:K18337" type="ortholog" reaction="rn:R10788 rn:R10995"
        link="https://www.kegg.jp/dbget-bin/www_bget?K18337">
        <graphics name="K18337" fgcolor="#000000" bgcolor="#FFFFFF"
             type="rectangle" x="287" y="895" width="46" height="17"/>
    </entry>
    <entry id="232" name="ko:K17742 ko:K19633" type="ortholog" reaction="rn:R07346"
        link="https://www.kegg.jp/dbget-bin/www_bget?K17742+K19633">
        <graphics name="K17742..." fgcolor="#000000" bgcolor="#FFFFFF"
             type="rectangle" x="271" y="122" width="46" height="17"/>
    </entry>
    <entry id="233" name="cpd:C05144" type="compound"
        link="https://www.kegg.jp/dbget-bin/www_bget?C05144">
        <graphics name="C05144" fgcolor="#000000" bgcolor="#FFFFFF"
             type="circle" x="645" y="415" width="8" height="8"/>
    </entry>
    <entry id="235" name="ko:K01795" type="ortholog" reaction="rn:R08693"
        link="https://www.kegg.jp/dbget-bin/www_bget?K01795">
        <graphics name="K01795" fgcolor="#000000" bgcolor="#FFFFFF"
             type="rectangle" x="686" y="415" width="46" height="17"/>
    </entry>
    <entry id="237" name="ko:K00594" type="ortholog" reaction="rn:R11620"
        link="https://www.kegg.jp/dbget-bin/www_bget?K00594">
        <graphics name="K00594" fgcolor="#000000" bgcolor="#FFFFFF"
             type="rectangle" x="202" y="182" width="46" height="17"/>
    </entry>
    <entry id="238" name="ko:K21883" type="ortholog" reaction="rn:R11339"
        link="https://www.kegg.jp/dbget-bin/www_bget?K21883">
        <graphics name="K21883" fgcolor="#000000" bgcolor="#FFFFFF"
             type="rectangle" x="564" y="833" width="46" height="17"/>
    </entry>
    <entry id="239" name="path:mmu00053" type="map"
        link="https://www.kegg.jp/dbget-bin/www_bget?mmu00053">
        <graphics name="Ascorbate and aldarate metabolism" fgcolor="#000000" bgcolor="#FFFFFF"
             type="roundrectangle" x="258" y="518" width="132" height="34"/>
    </entry>
    <relation entry1="63" entry2="64" type="ECrel">
        <subtype name="compound" value="162"/>
    </relation>
    <relation entry1="64" entry2="66" type="ECrel">
        <subtype name="compound" value="161"/>
    </relation>
    <relation entry1="64" entry2="79" type="ECrel">
        <subtype name="compound" value="161"/>
    </relation>
    <relation entry1="66" entry2="79" type="ECrel">
        <subtype name="compound" value="161"/>
    </relation>
    <relation entry1="81" entry2="94" type="ECrel">
        <subtype name="compound" value="149"/>
    </relation>
    <relation entry1="81" entry2="111" type="ECrel">
        <subtype name="compound" value="149"/>
    </relation>
    <relation entry1="81" entry2="84" type="ECrel">
        <subtype name="compound" value="149"/>
    </relation>
    <relation entry1="79" entry2="81" type="ECrel">
        <subtype name="compound" value="149"/>
    </relation>
    <relation entry1="84" entry2="94" type="ECrel">
        <subtype name="compound" value="149"/>
    </relation>
    <relation entry1="79" entry2="94" type="ECrel">
        <subtype name="compound" value="149"/>
    </relation>
    <relation entry1="84" entry2="111" type="ECrel">
        <subtype name="compound" value="149"/>
    </relation>
    <relation entry1="79" entry2="111" type="ECrel">
        <subtype name="compound" value="149"/>
    </relation>
    <relation entry1="79" entry2="84" type="ECrel">
        <subtype name="compound" value="149"/>
    </relation>
    <relation entry1="102" entry2="111" type="ECrel">
        <subtype name="compound" value="164"/>
    </relation>
    <relation entry1="94" entry2="102" type="ECrel">
        <subtype name="compound" value="164"/>
    </relation>
    <relation entry1="84" entry2="85" type="ECrel">
        <subtype name="compound" value="129"/>
    </relation>
    <relation entry1="76" entry2="84" type="ECrel">
        <subtype name="compound" value="129"/>
    </relation>
    <relation entry1="76" entry2="85" type="ECrel">
        <subtype name="compound" value="129"/>
    </relation>
    <relation entry1="85" entry2="90" type="ECrel">
        <subtype name="compound" value="163"/>
    </relation>
    <relation entry1="89" entry2="90" type="ECrel">
        <subtype name="compound" value="148"/>
    </relation>
    <relation entry1="88" entry2="89" type="ECrel">
        <subtype name="compound" value="151"/>
    </relation>
    <relation entry1="87" entry2="88" type="ECrel">
        <subtype name="compound" value="138"/>
    </relation>
    <relation entry1="87" entry2="123" type="ECrel">
        <subtype name="compound" value="152"/>
    </relation>
    <relation entry1="99" entry2="100" type="ECrel">
        <subtype name="compound" value="175"/>
    </relation>
    <relation entry1="100" entry2="101" type="ECrel">
        <subtype name="compound" value="140"/>
    </relation>
    <relation entry1="101" entry2="102" type="ECrel">
        <subtype name="compound" value="147"/>
    </relation>
    <relation entry1="99" entry2="102" type="ECrel">
        <subtype name="compound" value="147"/>
    </relation>
    <relation entry1="99" entry2="101" type="ECrel">
        <subtype name="compound" value="147"/>
    </relation>
    <relation entry1="66" entry2="100" type="ECrel">
        <subtype name="compound" value="127"/>
    </relation>
    <relation entry1="89" entry2="186" type="maplink">
        <subtype name="compound" value="148"/>
    </relation>
    <relation entry1="186" entry2="90" type="maplink">
        <subtype name="compound" value="148"/>
    </relation>
    <relation entry1="113" entry2="66" type="maplink">
        <subtype name="compound" value="161"/>
    </relation>
    <relation entry1="113" entry2="64" type="maplink">
        <subtype name="compound" value="161"/>
    </relation>
    <relation entry1="113" entry2="79" type="maplink">
        <subtype name="compound" value="161"/>
    </relation>
    <relation entry1="113" entry2="76" type="maplink">
        <subtype name="compound" value="128"/>
    </relation>
    <relation entry1="113" entry2="123" type="maplink">
        <subtype name="compound" value="167"/>
    </relation>
    <relation entry1="81" entry2="103" type="maplink">
        <subtype name="compound" value="149"/>
    </relation>
    <relation entry1="79" entry2="103" type="maplink">
        <subtype name="compound" value="149"/>
    </relation>
    <relation entry1="84" entry2="103" type="maplink">
        <subtype name="compound" value="149"/>
    </relation>
    <relation entry1="111" entry2="103" type="maplink">
        <subtype name="compound" value="149"/>
    </relation>
    <relation entry1="94" entry2="103" type="maplink">
        <subtype name="compound" value="149"/>
    </relation>
    <relation entry1="61" entry2="63" type="maplink">
        <subtype name="compound" value="126"/>
    </relation>
    <relation entry1="218" entry2="102" type="maplink">
        <subtype name="compound" value="147"/>
    </relation>
    <relation entry1="218" entry2="99" type="maplink">
        <subtype name="compound" value="147"/>
    </relation>
    <relation entry1="218" entry2="101" type="maplink">
        <subtype name="compound" value="147"/>
    </relation>
    <relation entry1="186" entry2="239" type="maplink">
        <subtype name="compound" value="148"/>
    </relation>
    <relation entry1="239" entry2="90" type="maplink">
        <subtype name="compound" value="148"/>
    </relation>
    <relation entry1="239" entry2="89" type="maplink">
        <subtype name="compound" value="148"/>
    </relation>
    <reaction id="63" name="rn:R01787" type="reversible">
        <substrate id="162" name="cpd:C00794"/>
        <product id="126" name="cpd:C00267"/>
    </reaction>
    <reaction id="64" name="rn:R00875" type="reversible">
        <substrate id="162" name="cpd:C00794"/>
        <product id="161" name="cpd:C00095"/>
    </reaction>
    <reaction id="66" name="rn:R00866" type="irreversible">
        <substrate id="161" name="cpd:C00095"/>
        <product id="127" name="cpd:C01094"/>
    </reaction>
    <reaction id="76" name="rn:R01326" type="irreversible">
        <substrate id="128" name="cpd:C00159"/>
        <product id="129" name="cpd:C00275"/>
    </reaction>
    <reaction id="79" name="rn:R00867" type="irreversible">
        <substrate id="161" name="cpd:C00095"/>
        <product id="149" name="cpd:C05345"/>
    </reaction>
    <reaction id="81" name="rn:R02731" type="irreversible">
        <substrate id="133" name="cpd:C00665"/>
        <product id="149" name="cpd:C05345"/>
    </reaction>
    <reaction id="84" name="rn:R01819" type="reversible">
        <substrate id="129" name="cpd:C00275"/>
        <product id="149" name="cpd:C05345"/>
    </reaction>
    <reaction id="85" name="rn:R01818" type="reversible">
        <substrate id="129" name="cpd:C00275"/>
        <product id="163" name="cpd:C00636"/>
    </reaction>
    <reaction id="87" name="rn:R01951" type="reversible">
        <substrate id="152" name="cpd:C02985"/>
        <product id="138" name="cpd:C00325"/>
    </reaction>
    <reaction id="88" name="rn:R05692" type="irreversible">
        <substrate id="151" name="cpd:C01222"/>
        <product id="138" name="cpd:C00325"/>
    </reaction>
    <reaction id="89" name="rn:R00888" type="irreversible">
        <substrate id="148" name="cpd:C00096"/>
        <product id="151" name="cpd:C01222"/>
    </reaction>
    <reaction id="90" name="rn:R00885" type="irreversible">
        <substrate id="163" name="cpd:C00636"/>
        <product id="148" name="cpd:C00096"/>
    </reaction>
    <reaction id="94" name="rn:R04779" type="irreversible">
        <substrate id="149" name="cpd:C05345"/>
        <product id="164" name="cpd:C05378"/>
    </reaction>
    <reaction id="99" name="rn:R01015" type="reversible">
        <substrate id="147" name="cpd:C00118"/>
        <product id="175" name="cpd:C00111"/>
    </reaction>
    <reaction id="100" name="rn:R02568" type="reversible">
        <substrate id="127" name="cpd:C01094"/>
        <product id="140" name="cpd:C00577"/>
        <product id="175" name="cpd:C00111"/>
    </reaction>
    <reaction id="101" name="rn:R01059" type="irreversible">
        <substrate id="140" name="cpd:C00577"/>
        <product id="147" name="cpd:C00118"/>
    </reaction>
    <reaction id="102" name="rn:R01070" type="reversible">
        <substrate id="164" name="cpd:C05378"/>
        <product id="147" name="cpd:C00118"/>
    </reaction>
    <reaction id="111" name="rn:R04780" type="irreversible">
        <substrate id="164" name="cpd:C05378"/>
        <product id="149" name="cpd:C05345"/>
    </reaction>
    <reaction id="123" name="rn:R03161" type="irreversible">
        <substrate id="167" name="cpd:C01019"/>
        <product id="152" name="cpd:C02985"/>
    </reaction>
</pathway>
